strategy,n_questions,coverage_rate,mean_rank,avg_segments,recall@1,recall@3,recall@5,recall@10
S1_header_based,549,1.0,0.0,1.0163934426229508,1.0,1.0,1.0,1.0
S2_speaker_atomic,549,0.970856102003643,5.669793621013133,52.15300546448088,0.3224043715846995,0.5792349726775956,0.6794171220400729,0.8032786885245902
S3_speaker_window_3,549,0.994535519125683,2.868131868131868,26.273224043715846,0.4098360655737705,0.6721311475409836,0.7941712204007286,0.9180327868852459
S3_speaker_window_5,549,0.994535519125683,1.3864468864468864,13.411657559198543,0.5336976320582878,0.7996357012750456,0.9052823315118397,0.9799635701275046
S4_president_mediated,549,0.994535519125683,1.7380952380952381,14.067395264116575,0.5336976320582878,0.7704918032786885,0.8633879781420765,0.9526411657559198
S5_anchor_ctx0,549,1.0,0.24043715846994534,2.734061930783242,0.7923497267759563,1.0,1.0,1.0
S5_anchor_ctx1,549,1.0,0.2586520947176685,2.7176684881602915,0.7777777777777778,1.0,1.0,1.0
S5_anchor_ctx2,549,1.0,0.25136612021857924,2.7176684881602915,0.7741347905282332,1.0,1.0,1.0
S8_chapter_vote,549,1.0,0.11657559198542805,6.7923497267759565,0.9253187613843351,0.9927140255009107,0.9981785063752276,1.0
